{"unet_train_loss": 0.022627200931310654, "unet_test_score": 0.9779146313667297, "_timestamp": 1673331090.2176828, "_runtime": 1474.3374798297882, "_step": 565, "NLM_score": 0.9580157995223999, "_wandb": {"runtime": 1476}}