{"unet_train_loss": 0.013090580701828003, "unet_test_score": 0.979600191116333, "_timestamp": 1673405466.0487537, "_runtime": 12847.926068782806, "_step": 3074, "NLM_score": 0.9557457566261292, "SZ_score": 0.9492263197898865, "_wandb": {"runtime": 12847}}