{"unet_train_loss": 0.04094400629401207, "unet_test_score": 0.9797559380531311, "_timestamp": 1673350963.28203, "_runtime": 12538.020836114883, "_step": 3374, "NLM_score": 0.9584308862686157, "SZ_score": 0.9519789218902588, "_wandb": {"runtime": 12537}}