{"unet_train_loss": 0.01567245088517666, "unet_test_score": 0.9792783856391907, "_timestamp": 1673405350.5922549, "_runtime": 12699.583085775375, "_step": 2974, "NLM_score": 0.9437556862831116, "SZ_score": 0.9427717924118042, "_wandb": {"runtime": 12699}}