{"unet_train_loss": 0.04098297283053398, "unet_test_score": 0.9754570126533508, "_timestamp": 1673329231.6689825, "_runtime": 2249.292523622513, "_step": 1267, "NLM_score": 0.9412515759468079, "NIH_score": 0.8960388898849487, "_wandb": {"runtime": 2249}}