{"unet_train_loss": 0.022052450105547905, "unet_test_score": 0.9793344140052795, "_timestamp": 1673351230.545135, "_runtime": 12942.315813064575, "_step": 3074, "NLM_score": 0.9559289813041687, "SZ_score": 0.9385939240455627, "_wandb": {"runtime": 12941}}