{"unet_train_loss": 0.017278097569942474, "unet_test_score": 0.9791982769966125, "_timestamp": 1673420120.987016, "_runtime": 13573.695229053497, "_step": 3074, "NLM_score": 0.9534577131271362, "SZ_score": 0.9448272585868835, "_wandb": {"runtime": 13573}}