{"unet_train_loss": 0.01881442777812481, "unet_test_score": 0.9798728227615356, "_timestamp": 1673325811.4196265, "_runtime": 27924.86315846443, "_step": 11740, "NLM_score": 0.9299073219299316, "NIH_score": 0.8303349018096924, "_wandb": {"runtime": 27934}}