{"unet_train_loss": 0.046481840312480927, "unet_test_score": 0.9729906916618347, "_timestamp": 1673392468.1611333, "_runtime": 604.0940663814545, "_step": 133, "NLM_score": 0.9419264793395996, "SZ_score": 0.9223042726516724, "_wandb": {"runtime": 631}}