{"unet_train_loss": 0.02767033874988556, "unet_test_score": 0.9800308346748352, "_timestamp": 1673338181.238149, "_runtime": 4028.323101043701, "_step": 1023, "NLM_score": 0.9609398245811462, "SZ_score": 0.947761058807373, "_wandb": {"runtime": 4028}}