{"unet_train_loss": 0.02330748923122883, "unet_test_score": 0.9792259931564331, "_timestamp": 1673297653.6223078, "_runtime": 47390.88723087311, "_step": 25275, "NLM_score": 0.9403008818626404, "NIH_score": 0.8822338581085205, "_wandb": {"runtime": 47391}}