{"unet_train_loss": 0.017705027014017105, "unet_test_score": 0.9799037575721741, "_timestamp": 1673405558.4131176, "_runtime": 13045.507605552673, "_step": 3374, "NLM_score": 0.958952784538269, "SZ_score": 0.9519873261451721, "_wandb": {"runtime": 13045}}