{"unet_train_loss": 0.031853727996349335, "unet_test_score": 0.979812502861023, "_timestamp": 1673391419.0241845, "_runtime": 11836.798213481903, "_step": 3074, "NLM_score": 0.9540863037109375, "SZ_score": 0.9408403635025024, "_wandb": {"runtime": 11836}}