{"unet_train_loss": 0.030547913163900375, "unet_test_score": 0.9797514081001282, "_timestamp": 1673420232.8644767, "_runtime": 13712.617606639862, "_step": 2974, "NLM_score": 0.9388255476951599, "SZ_score": 0.9382256269454956, "_wandb": {"runtime": 13712}}