{"unet_train_loss": 0.027580879628658295, "unet_test_score": 0.9756634831428528, "_timestamp": 1673392637.6017318, "_runtime": 942.5290777683258, "_step": 177, "NLM_score": 0.9135996699333191, "SZ_score": 0.9162014126777649, "_wandb": {"runtime": 943}}