{"unet_train_loss": 0.09402334690093994, "unet_test_score": 0.973004162311554, "_timestamp": 1673392605.054809, "_runtime": 858.5009031295776, "_step": 167, "NLM_score": 0.9482862949371338, "SZ_score": 0.8660733103752136, "_wandb": {"runtime": 859}}