{"unet_train_loss": 0.018247680738568306, "unet_test_score": 0.9795677661895752, "_timestamp": 1673405731.3874397, "_runtime": 13149.199504613876, "_step": 3224, "NLM_score": 0.9573917388916016, "SZ_score": 0.9497628808021545, "_wandb": {"runtime": 13148}}