{"unet_train_loss": 0.044729653745889664, "unet_test_score": 0.972724199295044, "_timestamp": 1673392530.8683822, "_runtime": 735.3886561393738, "_step": 159, "NLM_score": 0.92026686668396, "SZ_score": 0.9370708465576172, "_wandb": {"runtime": 775}}