{"unet_train_loss": 0.045404352247714996, "unet_test_score": 0.9783656001091003, "_timestamp": 1673333472.7841017, "_runtime": 2363.002381801605, "_step": 623, "NLM_score": 0.9531915783882141, "SZ_score": 0.9509679675102234, "_wandb": {"runtime": 2380}}