{"unet_train_loss": 0.023730291053652763, "unet_test_score": 0.9798662662506104, "_timestamp": 1673250090.9500089, "_runtime": 8047.793855905533, "_step": 3809, "NLM_score": 0.9327105283737183, "_wandb": {"runtime": 8068}}