{"unet_train_loss": 0.015080597251653671, "unet_test_score": 0.979415774345398, "_timestamp": 1673297658.1534183, "_runtime": 55486.265676259995, "_step": 30361, "NLM_score": 0.9339507818222046, "_wandb": {"runtime": 55487}}