{"unet_train_loss": 0.018973976373672485, "unet_test_score": 0.9799968004226685, "_timestamp": 1673420257.5471885, "_runtime": 13660.33808350563, "_step": 3374, "NLM_score": 0.9615079760551453, "SZ_score": 0.9531823992729187, "_wandb": {"runtime": 13659}}