{"unet_train_loss": 0.012504562735557556, "unet_test_score": 0.97984778881073, "_timestamp": 1673420240.9439156, "_runtime": 13667.539788722992, "_step": 3224, "NLM_score": 0.9597116112709045, "SZ_score": 0.9499220848083496, "_wandb": {"runtime": 13667}}