{"unet_train_loss": 0.010952381417155266, "unet_test_score": 0.9793417453765869, "_timestamp": 1673351505.6854641, "_runtime": 13113.043091058731, "_step": 3224, "NLM_score": 0.9569531083106995, "SZ_score": 0.9508601427078247, "_wandb": {"runtime": 13112}}